id,num,stime,etime,czry,state,ckbh,volume,weight,height,scancnt
0,2025-10-02 13:30:00,,,0,D107,,,,,
7678,2025-10-02 13:15:00,2025-10-02 13:23:43,,1,D107,7100.0,5680.0,15.96,600,
7678,2025-10-02 13:00:00,2025-10-02 13:08:58,,1,D107,7105.1,5684.08,15.97,599,
7678,2025-10-02 12:45:00,2025-10-02 12:52:13,,1,D107,7111.3,5689.04,15.99,598,
7678,2025-10-02 12:30:00,2025-10-02 12:36:53,,1,D107,7118.0,5694.4,16.00,597,
7678,2025-10-02 12:15:00,2025-10-02 12:22:38,,1,D107,7107.6,5686.08,15.98,596,
7678,2025-10-02 12:00:00,2025-10-02 12:06:53,,1,D107,7138.9,5711.12,16.05,595,
7678,2025-10-02 11:45:00,2025-10-02 11:52:53,,1,D107,7122.2,5697.76,16.01,594,
7678,2025-10-02 11:30:00,2025-10-02 11:37:33,,1,D107,7102.9,5682.32,15.97,593,
7678,2025-10-02 11:15:00,2025-10-02 11:22:23,,1,D107,7137.6,5710.08,16.04,592,
7678,2025-10-02 11:00:00,2025-10-02 11:05:01,,1,D107,7144.4,5715.52,16.06,591,
7678,2025-10-02 10:45:00,2025-10-02 10:50:06,,1,D107,7115.3,5692.24,15.99,590,
7678,2025-10-02 10:30:00,2025-10-02 10:35:06,,1,D107,7113.6,5690.88,15.99,589,
7678,2025-10-02 10:15:00,2025-10-02 10:20:01,,1,D107,7109.8,5687.84,15.98,588,
7678,2025-10-02 10:00:00,2025-10-02 10:05:01,,1,D107,7149.1,5719.28,16.07,587,
7678,2025-10-02 09:45:00,2025-10-02 09:48:41,,1,D107,7115.3,5692.24,15.99,586,
7678,2025-10-02 09:30:00,2025-10-02 09:35:06,,1,D107,7124.4,5699.52,16.01,585,
7678,2025-10-02 09:15:00,2025-10-02 09:20:06,,1,D107,7135.9,5708.72,16.04,584,
7678,2025-10-02 09:00:00,2025-10-02 09:05:06,,1,D107,7149.2,5719.36,16.07,583,
7678,2025-10-02 08:45:00,2025-10-02 08:50:01,,1,D107,7182.2,5745.76,16.14,582,
7678,2025-10-02 08:30:00,2025-10-02 08:35:11,,1,D107,7151.7,5721.36,16.07,581,
7678,2025-10-02 08:15:00,2025-10-02 08:20:06,,1,D107,7158.9,5727.12,16.09,580,
7678,2025-10-02 08:00:00,2025-10-02 08:05:06,,1,D107,7149.3,5719.44,16.07,579,
7678,2025-10-02 07:45:00,2025-10-02 07:50:11,,1,D107,7169.4,5735.52,16.12,578,
7678,2025-10-02 07:30:00,2025-10-02 07:35:06,,1,D107,7202.4,5761.92,16.19,577,
7678,2025-10-02 07:15:00,2025-10-02 07:20:01,,1,D107,7222.2,5777.76,16.23,576,
7678,2025-10-02 07:00:00,2025-10-02 07:05:06,,1,D107,7194.0,5755.2,16.17,575,
7678,2025-10-02 06:45:00,2025-10-02 06:50:11,,1,D107,7207.0,5765.6,16.20,574,
7678,2025-10-02 06:30:00,2025-10-02 06:35:06,,1,D107,7203.0,5762.4,16.19,573,
7678,2025-10-02 06:15:00,2025-10-02 06:20:11,,1,D107,7199.8,5759.84,16.18,572,
7678,2025-10-02 06:00:00,2025-10-02 06:05:11,,1,D107,7188.6,5750.88,16.16,571,
7678,2025-10-02 05:45:00,2025-10-02 05:50:06,,1,D107,7198.9,5759.12,16.18,570,
7678,2025-10-02 05:30:00,2025-10-02 05:35:11,,1,D107,7191.3,5753.04,16.16,569,
7678,2025-10-02 05:15:00,2025-10-02 05:20:11,,1,D107,7215.4,5772.32,16.22,568,
7678,2025-10-02 05:00:00,2025-10-02 05:05:06,,1,D107,7197.7,5758.16,16.18,567,
7678,2025-10-02 04:45:00,2025-10-02 04:50:11,,1,D107,7191.1,5752.88,16.16,566,
7678,2025-10-02 04:30:00,2025-10-02 04:35:01,,1,D107,7218.3,5774.64,16.23,565,
7678,2025-10-02 04:15:00,2025-10-02 04:20:11,,1,D107,7217.5,5774.0,16.22,564,
7678,2025-10-02 04:00:00,2025-10-02 04:05:11,,1,D107,7188.8,5751.04,16.16,563,
7678,2025-10-02 03:45:00,2025-10-02 03:50:06,,1,D107,7235.7,5788.56,16.26,562,
7678,2025-10-02 03:30:00,2025-10-02 03:35:11,,1,D107,7203.2,5762.56,16.19,561,
7678,2025-10-02 03:15:00,2025-10-02 03:20:11,,1,D107,7210.5,5768.4,16.21,560,
7678,2025-10-02 03:00:00,2025-10-02 03:05:01,,1,D107,7214.3,5771.44,16.22,559,
7678,2025-10-02 02:45:00,2025-10-02 02:50:06,,1,D107,7205.1,5764.08,16.20,558,
7678,2025-10-02 02:30:00,2025-10-02 02:35:06,,1,D107,7215.7,5772.56,16.22,557,
7678,2025-10-02 02:15:00,2025-10-02 02:20:01,,1,D107,7245.8,5796.64,16.29,556,
7678,2025-10-02 02:00:00,2025-10-02 02:05:01,,1,D107,7237.8,5790.24,16.27,555,
7678,2025-10-02 01:45:00,2025-10-02 01:50:11,,1,D107,7272.9,5818.32,16.35,554,
7678,2025-10-02 01:30:00,2025-10-02 01:35:06,,1,D107,7239.4,5791.52,16.27,553,
7678,2025-10-02 01:15:00,2025-10-02 01:20:11,,1,D107,7244.5,5795.6,16.28,552,
7678,2025-10-02 01:00:00,2025-10-02 01:05:06,,1,D107,7293.0,5834.4,16.39,551,
7678,2025-10-02 00:45:00,2025-10-02 00:50:06,,1,D107,7281.1,5824.88,16.37,550,
7678,2025-10-02 00:30:00,2025-10-02 00:35:06,,1,D107,7258.6,5806.88,16.32,549,
7678,2025-10-02 00:15:00,2025-10-02 00:20:06,,1,D107,7260.1,5808.08,16.32,548,
7678,2025-10-02 00:00:00,2025-10-02 00:05:06,,1,D107,7262.2,5809.76,16.32,547,
7678,2025-10-01 23:45:00,2025-10-01 23:50:06,,1,D107,7261.3,5809.04,16.32,546,
7678,2025-10-01 23:30:00,2025-10-01 23:34:56,,1,D107,7280.3,5824.24,16.37,545,
7678,2025-10-01 23:15:00,2025-10-01 23:20:11,,1,D107,7303.6,5842.88,16.42,544,
7678,2025-10-01 23:00:00,2025-10-01 23:05:11,,1,D107,7278.3,5822.64,16.36,543,
7678,2025-10-01 22:45:00,2025-10-01 22:50:01,,1,D107,7317.1,5853.68,16.45,542,
7678,2025-10-01 22:30:00,2025-10-01 22:35:06,,1,D107,7285.3,5828.24,16.38,541,
7678,2025-10-01 22:15:00,2025-10-01 22:20:11,,1,D107,7290.7,5832.56,16.39,540,
7678,2025-10-01 22:00:00,2025-10-01 22:05:06,,1,D107,7334.6,5867.68,16.49,539,
7678,2025-10-01 21:45:00,2025-10-01 21:50:11,,1,D107,7304.1,5843.28,16.42,538,
7678,2025-10-01 21:30:00,2025-10-01 21:35:11,,1,D107,7305.5,5844.4,16.42,537,
7678,2025-10-01 21:15:00,2025-10-01 21:20:06,,1,D107,7304.0,5843.2,16.42,536,
7678,2025-10-01 21:00:00,2025-10-01 21:05:11,,1,D107,7295.8,5836.64,16.40,535,
7678,2025-10-01 20:45:00,2025-10-01 20:50:11,,1,D107,7326.2,5860.96,16.47,534,
7678,2025-10-01 20:30:00,2025-10-01 20:35:06,,1,D107,7307.2,5845.76,16.43,533,
7678,2025-10-01 20:15:00,2025-10-01 20:20:11,,1,D107,7300.8,5840.64,16.41,532,
7678,2025-10-01 20:00:00,2025-10-01 20:05:06,,1,D107,7313.7,5850.96,16.44,531,
7678,2025-10-01 19:45:00,2025-10-01 19:50:06,,1,D107,7307.8,5846.24,16.43,530,
7678,2025-10-01 19:30:00,2025-10-01 19:35:11,,1,D107,7310.5,5848.4,16.43,529,
7678,2025-10-01 19:15:00,2025-10-01 19:20:06,,1,D107,7352.5,5882.0,16.53,528,
7678,2025-10-01 19:00:00,2025-10-01 19:05:11,,1,D107,7315.8,5852.64,16.44,527,
7678,2025-10-01 18:45:00,2025-10-01 18:50:06,,1,D107,7316.0,5852.8,16.45,526,
7678,2025-10-01 18:30:00,2025-10-01 18:35:11,,1,D107,7308.8,5847.04,16.43,525,
7678,2025-10-01 18:15:00,2025-10-01 18:20:06,,1,D107,7326.3,5861.04,16.47,524,
7678,2025-10-01 18:00:00,2025-10-01 18:05:11,,1,D107,7308.9,5847.12,16.43,523,
7678,2025-10-01 17:45:00,2025-10-01 17:50:06,,1,D107,7314.3,5851.44,16.44,522,
7678,2025-10-01 17:30:00,2025-10-01 17:35:06,,1,D107,7315.4,5852.32,16.44,521,
7678,2025-10-01 17:15:00,2025-10-01 17:20:01,,1,D107,7338.6,5870.88,16.50,520,
7678,2025-10-01 17:00:00,2025-10-01 17:05:06,,1,D107,7307.3,5845.84,16.43,519,
7678,2025-10-01 16:45:00,2025-10-01 16:50:06,,1,D107,7314.7,5851.76,16.44,518,
7678,2025-10-01 16:30:00,2025-10-01 16:35:06,,1,D107,7312.6,5850.08,16.44,517,
7678,2025-10-01 16:15:00,2025-10-01 16:20:11,,1,D107,7320.9,5856.72,16.46,516,
7678,2025-10-01 16:00:00,2025-10-01 16:05:06,,1,D107,7320.6,5856.48,16.46,515,
7678,2025-10-01 15:45:00,2025-10-01 15:50:11,,1,D107,7320.9,5856.72,16.46,514,
7678,2025-10-01 15:30:00,2025-10-01 15:35:06,,1,D107,7320.7,5856.56,16.46,513,
7678,2025-10-01 15:15:00,2025-10-01 15:20:06,,1,D107,7322.3,5857.84,16.46,512,
7678,2025-10-01 15:00:00,2025-10-01 15:05:11,,1,D107,7369.7,5895.76,16.57,511,
7678,2025-10-01 14:45:00,2025-10-01 14:50:01,,1,D107,7357.9,5886.32,16.54,510,
7678,2025-10-01 14:30:00,2025-10-01 14:34:56,,1,D107,7415.4,5932.32,16.67,509,
7678,2025-10-01 14:15:00,2025-10-01 14:20:06,,1,D107,7405.5,5924.4,16.65,508,
7678,2025-10-01 14:00:00,2025-10-01 14:05:01,,1,D107,7430.2,5944.16,16.70,507,
7678,2025-10-01 13:45:00,2025-10-01 13:50:06,,1,D107,7421.1,5936.88,16.68,506,
7678,2025-10-01 13:30:00,2025-10-01 13:35:06,,1,D107,7391.1,5912.88,16.61,505,
7678,2025-10-01 13:15:00,2025-10-01 13:20:01,,1,D107,7439.5,5951.6,16.72,504,
7678,2025-10-01 13:00:00,2025-10-01 13:05:38,,1,D107,7390.7,5912.56,16.61,503,
7678,2025-10-01 12:45:00,2025-10-01 12:50:11,,1,D107,7397.9,5918.32,16.63,502,
7678,2025-10-01 12:30:00,2025-10-01 12:35:06,,1,D107,7416.4,5933.12,16.67,501,
7678,2025-10-01 12:15:00,2025-10-01 12:20:06,,1,D107,7394.5,5915.6,16.62,500,
7678,2025-10-01 12:00:00,2025-10-01 12:05:11,,1,D107,7384.9,5907.92,16.60,499,
7678,2025-10-01 11:45:00,2025-10-01 11:50:06,,1,D107,7393.6,5914.88,16.62,498,
7678,2025-10-01 11:30:00,2025-10-01 11:35:06,,1,D107,7416.0,5932.8,16.67,497,
7678,2025-10-01 11:15:00,2025-10-01 11:20:06,,1,D107,7395.1,5916.08,16.62,496,
7678,2025-10-01 11:00:00,2025-10-01 11:05:06,,1,D107,7409.3,5927.44,16.66,495,
7678,2025-10-01 10:45:00,2025-10-01 10:49:41,,1,D107,7396.5,5917.2,16.63,494,
7678,2025-10-01 10:30:00,2025-10-01 10:34:31,,1,D107,7427.8,5942.24,16.70,493,
7678,2025-10-01 10:15:00,2025-10-01 10:20:11,,1,D107,7435.8,5948.64,16.71,492,
7678,2025-10-01 10:00:00,2025-10-01 10:05:11,,1,D107,7458.4,5966.72,16.77,491,
7678,2025-10-01 09:45:00,2025-10-01 09:50:11,,1,D107,7403.0,5922.4,16.64,490,
7678,2025-10-01 09:30:00,2025-10-01 09:34:51,,1,D107,7481.3,5985.04,16.82,489,
7678,2025-10-01 09:15:00,2025-10-01 09:20:01,,1,D107,7462.8,5970.24,16.77,488,
7678,2025-10-01 09:00:00,2025-10-01 09:05:11,,1,D107,7432.1,5945.68,16.71,487,
7678,2025-10-01 08:45:00,2025-10-01 08:50:06,,1,D107,7436.6,5949.28,16.72,486,
7678,2025-10-01 08:30:00,2025-10-01 08:35:11,,1,D107,7447.0,5957.6,16.74,485,
7678,2025-10-01 08:15:00,2025-10-01 08:20:06,,1,D107,7483.6,5986.88,16.82,484,
7678,2025-10-01 08:00:00,2025-10-01 08:04:56,,1,D107,7493.3,5994.64,16.84,483,
7678,2025-10-01 07:45:00,2025-10-01 07:50:11,,1,D107,7451.8,5961.44,16.75,482,
7678,2025-10-01 07:30:00,2025-10-01 07:35:11,,1,D107,7461.6,5969.28,16.77,481,
7678,2025-10-01 07:15:00,2025-10-01 07:20:11,,1,D107,7450.8,5960.64,16.75,480,
7678,2025-10-01 07:00:00,2025-10-01 07:05:11,,1,D107,7449.0,5959.2,16.74,479,
7678,2025-10-01 06:45:00,2025-10-01 06:50:06,,1,D107,7454.7,5963.76,16.76,478,
7678,2025-10-01 06:30:00,2025-10-01 06:35:11,,1,D107,7473.5,5978.8,16.80,477,
7678,2025-10-01 06:15:00,2025-10-01 06:20:11,,1,D107,7500.0,6000.0,16.86,476,
7678,2025-10-01 06:00:00,2025-10-01 06:05:06,,1,D107,7474.4,5979.52,16.80,475,
7678,2025-10-01 05:45:00,2025-10-01 05:50:06,,1,D107,7494.0,5995.2,16.84,474,
7678,2025-10-01 05:30:00,2025-10-01 05:35:06,,1,D107,7497.3,5997.84,16.85,473,
7678,2025-10-01 05:15:00,2025-10-01 05:20:06,,1,D107,7497.6,5998.08,16.85,472,
7678,2025-10-01 05:00:00,2025-10-01 05:05:06,,1,D107,7509.4,6007.52,16.88,471,
7678,2025-10-01 04:45:00,2025-10-01 04:50:01,,1,D107,7512.4,6009.92,16.89,470,
7678,2025-10-01 04:30:00,2025-10-01 04:35:06,,1,D107,7481.2,5984.96,16.82,469,
7678,2025-10-01 04:15:00,2025-10-01 04:20:06,,1,D107,7485.6,5988.48,16.83,468,
7678,2025-10-01 04:00:00,2025-10-01 04:05:06,,1,D107,7482.9,5986.32,16.82,467,
7678,2025-10-01 03:45:00,2025-10-01 03:50:01,,1,D107,7498.3,5998.64,16.86,466,
7678,2025-10-01 03:30:00,2025-10-01 03:35:06,,1,D107,7494.1,5995.28,16.84,465,
7678,2025-10-01 03:15:00,2025-10-01 03:20:11,,1,D107,7518.9,6015.12,16.90,464,
7678,2025-10-01 03:00:00,2025-10-01 03:05:11,,1,D107,7494.4,5995.52,16.85,463,
7678,2025-10-01 02:45:00,2025-10-01 02:50:11,,1,D107,7495.5,5996.4,16.85,462,
7678,2025-10-01 02:30:00,2025-10-01 02:35:11,,1,D107,7527.0,6021.6,16.92,461,
7678,2025-10-01 02:15:00,2025-10-01 02:20:11,,1,D107,7524.6,6019.68,16.91,460,
7678,2025-10-01 02:00:00,2025-10-01 02:05:11,,1,D107,7509.2,6007.36,16.88,459,
7678,2025-10-01 01:45:00,2025-10-01 01:50:11,,1,D107,7517.9,6014.32,16.90,458,
7678,2025-10-01 01:30:00,2025-10-01 01:35:11,,1,D107,7560.8,6048.64,17.00,457,
7678,2025-10-01 01:15:00,2025-10-01 01:19:51,,1,D107,7547.6,6038.08,16.96,456,
7678,2025-10-01 01:00:00,2025-10-01 01:05:11,,1,D107,7528.0,6022.4,16.92,455,
7678,2025-10-01 00:45:00,2025-10-01 00:50:06,,1,D107,7530.8,6024.64,16.93,454,
7678,2025-10-01 00:30:00,2025-10-01 00:35:01,,1,D107,7553.3,6042.64,16.98,453,
7678,2025-10-01 00:15:00,2025-10-01 00:20:11,,1,D107,7572.8,6058.24,17.02,452,
7678,2025-10-01 00:00:00,2025-10-01 00:05:11,,1,D107,7603.6,6082.88,17.09,451,
7678,2025-09-30 23:45:00,2025-09-30 23:50:16,,1,D107,7560.8,6048.64,17.00,450,
7678,2025-09-30 23:30:00,2025-09-30 23:35:11,,1,D107,7613.6,6090.88,17.11,449,
7678,2025-09-30 23:15:00,2025-09-30 23:20:06,,1,D107,7590.9,6072.72,17.06,448,
7678,2025-09-30 23:00:00,2025-09-30 23:05:01,,1,D107,7634.9,6107.92,17.16,447,
7678,2025-09-30 22:45:00,2025-09-30 22:50:11,,1,D107,7592.8,6074.24,17.07,446,
7678,2025-09-30 22:30:00,2025-09-30 22:35:06,,1,D107,7623.9,6099.12,17.14,445,
7678,2025-09-30 22:15:00,2025-09-30 22:20:06,,1,D107,7610.7,6088.56,17.11,444,
7678,2025-09-30 22:00:00,2025-09-30 22:05:06,,1,D107,7615.5,6092.4,17.12,443,
7678,2025-09-30 21:45:00,2025-09-30 21:50:06,,1,D107,7604.5,6083.6,17.09,442,
7678,2025-09-30 21:30:00,2025-09-30 21:35:11,,1,D107,7606.6,6085.28,17.10,441,
7678,2025-09-30 21:15:00,2025-09-30 21:20:06,,1,D107,7664.3,6131.44,17.23,440,
7678,2025-09-30 21:00:00,2025-09-30 21:05:11,,1,D107,7609.5,6087.6,17.11,439,
7678,2025-09-30 20:45:00,2025-09-30 20:50:06,,1,D107,7622.7,6098.16,17.13,438,
7678,2025-09-30 20:30:00,2025-09-30 20:35:01,,1,D107,7631.8,6105.44,17.16,437,
7678,2025-09-30 20:15:00,2025-09-30 20:20:06,,1,D107,7648.3,6118.64,17.19,436,
7678,2025-09-30 20:00:00,2025-09-30 20:05:01,,1,D107,7675.3,6140.24,17.25,435,
7678,2025-09-30 19:45:00,2025-09-30 19:50:11,,1,D107,7626.2,6100.96,17.14,434,
7678,2025-09-30 19:30:00,2025-09-30 19:35:11,,1,D107,7629.1,6103.28,17.15,433,
7678,2025-09-30 19:15:00,2025-09-30 19:20:06,,1,D107,7689.3,6151.44,17.28,432,
7678,2025-09-30 19:00:00,2025-09-30 19:05:11,,1,D107,7671.4,6137.12,17.24,431,
7678,2025-09-30 18:45:00,2025-09-30 18:50:11,,1,D107,7654.0,6123.2,17.21,430,
7678,2025-09-30 18:30:00,2025-09-30 18:35:11,,1,D107,7690.7,6152.56,17.29,429,
7678,2025-09-30 18:15:00,2025-09-30 18:20:11,,1,D107,7653.7,6122.96,17.20,428,
7678,2025-09-30 18:00:00,2025-09-30 18:04:26,,1,D107,7707.0,6165.6,17.32,427,
7678,2025-09-30 17:45:00,2025-09-30 17:50:06,,1,D107,7710.5,6168.4,17.33,426,
7678,2025-09-30 17:30:00,2025-09-30 17:35:16,,1,D107,7671.0,6136.8,17.24,425,
7678,2025-09-30 17:15:00,2025-09-30 17:20:11,,1,D107,7713.1,6170.48,17.34,424,
7678,2025-09-30 17:00:00,2025-09-30 17:05:06,,1,D107,7718.5,6174.8,17.35,423,
7678,2025-09-30 16:45:00,2025-09-30 16:50:11,,1,D107,7704.5,6163.6,17.32,422,
7678,2025-09-30 16:30:00,2025-09-30 16:35:11,,1,D107,7728.2,6182.56,17.37,421,
7678,2025-09-30 16:15:00,2025-09-30 16:20:11,,1,D107,7744.0,6195.2,17.41,420,
7678,2025-09-30 16:00:00,2025-09-30 16:05:11,,1,D107,7761.2,6208.96,17.45,419,
7678,2025-09-30 15:45:00,2025-09-30 15:50:11,,1,D107,7760.2,6208.16,17.44,418,
7678,2025-09-30 15:30:00,2025-09-30 15:35:11,,1,D107,7730.7,6184.56,17.38,417,
7678,2025-09-30 15:15:00,2025-09-30 15:20:11,,1,D107,7751.2,6200.96,17.42,416,
7678,2025-09-30 15:00:00,2025-09-30 15:04:56,,1,D107,7772.3,6217.84,17.47,415,
7678,2025-09-30 14:45:00,2025-09-30 14:50:11,,1,D107,7771.2,6216.96,17.47,414,
7678,2025-09-30 14:30:00,2025-09-30 14:35:06,,1,D107,7765.9,6212.72,17.46,413,
7678,2025-09-30 14:15:00,2025-09-30 14:20:06,,1,D107,7765.7,6212.56,17.46,412,
7678,2025-09-30 14:00:00,2025-09-30 14:05:11,,1,D107,7731.8,6185.44,17.38,411,
7678,2025-09-30 13:45:00,2025-09-30 13:50:16,,1,D107,7758.5,6206.8,17.44,410,
7678,2025-09-30 13:30:00,2025-09-30 13:35:11,,1,D107,7751.6,6201.28,17.42,409,
7678,2025-09-30 13:15:00,2025-09-30 13:20:01,,1,D107,7735.6,6188.48,17.39,408,
7678,2025-09-30 13:00:00,2025-09-30 13:05:16,,1,D107,7745.8,6196.64,17.41,407,
7678,2025-09-30 12:45:00,2025-09-30 12:50:11,,1,D107,7733.2,6186.56,17.38,406,
7678,2025-09-30 12:30:00,2025-09-30 12:35:11,,1,D107,7751.7,6201.36,17.42,405,
7678,2025-09-30 12:15:00,2025-09-30 12:20:11,,1,D107,7750.2,6200.16,17.42,404,
7678,2025-09-30 12:00:00,2025-09-30 12:05:06,,1,D107,7731.4,6185.12,17.38,403,
7678,2025-09-30 11:45:00,2025-09-30 11:50:11,,1,D107,7754.2,6203.36,17.43,402,
7678,2025-09-30 11:30:00,2025-09-30 11:35:06,,1,D107,7733.6,6186.88,17.38,401,
7678,2025-09-30 11:15:00,2025-09-30 11:20:11,,1,D107,7725.4,6180.32,17.37,400,
7678,2025-09-30 11:00:00,2025-09-30 11:05:11,,1,D107,7730.4,6184.32,17.38,399,
7678,2025-09-30 10:45:00,2025-09-30 10:50:16,,1,D107,7736.9,6189.52,17.39,398,
7678,2025-09-30 10:30:00,2025-09-30 10:35:06,,1,D107,7761.6,6209.28,17.45,397,
7678,2025-09-30 10:15:00,2025-09-30 10:19:56,,1,D107,7777.2,6221.76,17.48,396,
7678,2025-09-30 10:00:00,2025-09-30 10:05:01,,1,D107,7769.3,6215.44,17.46,395,
7678,2025-09-30 09:45:00,2025-09-30 09:50:11,,1,D107,7762.7,6210.16,17.45,394,
7678,2025-09-30 09:30:00,2025-09-30 09:35:11,,1,D107,7761.5,6209.2,17.45,393,
7678,2025-09-30 09:15:00,2025-09-30 09:20:06,,1,D107,7734.5,6187.6,17.39,392,
7678,2025-09-30 09:00:00,2025-09-30 09:05:06,,1,D107,7740.8,6192.64,17.40,391,
7678,2025-09-30 08:45:00,2025-09-30 08:50:11,,1,D107,7736.6,6189.28,17.39,390,
7678,2025-09-30 08:30:00,2025-09-30 08:35:11,,1,D107,7729.5,6183.6,17.37,389,
7678,2025-09-30 07:45:00,2025-09-30 07:50:11,,1,D107,7734.1,6187.28,17.39,388,
7678,2025-09-30 07:30:00,2025-09-30 07:35:11,,1,D107,7735.9,6188.72,17.39,387,
7678,2025-09-30 07:15:00,2025-09-30 07:20:11,,1,D107,7735.0,6188.0,17.39,386,
7678,2025-09-30 07:00:00,2025-09-30 07:05:11,,1,D107,7778.8,6223.04,17.48,385,
7678,2025-09-30 06:45:00,2025-09-30 06:50:11,,1,D107,7772.9,6218.32,17.47,384,
7678,2025-09-30 06:30:00,2025-09-30 06:35:16,,1,D107,7747.9,6198.32,17.42,383,
7678,2025-09-30 06:15:00,2025-09-30 06:20:06,,1,D107,7774.3,6219.44,17.48,382,
7678,2025-09-30 06:00:00,2025-09-30 06:05:06,,1,D107,7791.0,6232.8,17.51,381,
7678,2025-09-30 05:45:00,2025-09-30 05:50:16,,1,D107,7778.1,6222.48,17.48,380,
7678,2025-09-30 05:30:00,2025-09-30 05:35:11,,1,D107,7807.0,6245.6,17.55,379,
7678,2025-09-30 05:15:00,2025-09-30 05:20:11,,1,D107,7804.0,6243.2,17.54,378,
7678,2025-09-30 05:00:00,2025-09-30 05:05:16,,1,D107,7787.3,6229.84,17.50,377,
7678,2025-09-30 04:45:00,2025-09-30 04:50:01,,1,D107,7835.2,6268.16,17.61,376,
7678,2025-09-30 04:30:00,2025-09-30 04:35:11,,1,D107,7794.1,6235.28,17.52,375,
7678,2025-09-30 04:15:00,2025-09-30 04:20:11,,1,D107,7798.9,6239.12,17.53,374,
7678,2025-09-30 04:00:00,2025-09-30 04:05:06,,1,D107,7821.8,6257.44,17.58,373,
7678,2025-09-30 03:45:00,2025-09-30 03:50:16,,1,D107,7840.8,6272.64,17.62,372,
7678,2025-09-30 03:30:00,2025-09-30 03:35:11,,1,D107,7819.2,6255.36,17.58,371,
7678,2025-09-30 03:15:00,2025-09-30 03:20:11,,1,D107,7846.7,6277.36,17.64,370,
7678,2025-09-30 03:00:00,2025-09-30 03:05:11,,1,D107,7828.7,6262.96,17.60,369,
7678,2025-09-30 02:45:00,2025-09-30 02:50:11,,1,D107,7824.1,6259.28,17.59,368,
7678,2025-09-30 02:30:00,2025-09-30 02:35:11,,1,D107,7846.0,6276.8,17.64,367,
7678,2025-09-30 02:15:00,2025-09-30 02:20:11,,1,D107,7835.1,6268.08,17.61,366,
7678,2025-09-30 02:00:00,2025-09-30 02:05:11,,1,D107,7837.8,6270.24,17.62,365,
7678,2025-09-30 01:45:00,2025-09-30 01:50:11,,1,D107,7899.3,6319.44,17.76,364,
7678,2025-09-30 01:30:00,2025-09-30 01:35:11,,1,D107,7895.6,6316.48,17.75,363,
7678,2025-09-30 01:15:00,2025-09-30 01:20:11,,1,D107,7877.7,6302.16,17.71,362,
7678,2025-09-30 01:00:00,2025-09-30 01:05:11,,1,D107,7873.1,6298.48,17.70,361,
7678,2025-09-30 00:45:00,2025-09-30 00:50:11,,1,D107,7870.9,6296.72,17.69,360,
7678,2025-09-30 00:30:00,2025-09-30 00:35:11,,1,D107,7900.9,6320.72,17.76,359,
7678,2025-09-30 00:15:00,2025-09-30 00:20:01,,1,D107,7898.7,6318.96,17.75,358,
7678,2025-09-30 00:00:00,2025-09-30 00:05:11,,1,D107,7872.8,6298.24,17.70,357,
7678,2025-09-29 23:45:00,2025-09-29 23:50:11,,1,D107,7909.9,6327.92,17.78,356,
7678,2025-09-29 23:30:00,2025-09-29 23:35:11,,1,D107,7885.0,6308.0,17.72,355,
7678,2025-09-29 23:15:00,2025-09-29 23:20:11,,1,D107,7887.9,6310.32,17.73,354,
7678,2025-09-29 23:00:00,2025-09-29 23:05:11,,1,D107,7894.6,6315.68,17.75,353,
7678,2025-09-29 22:45:00,2025-09-29 22:50:16,,1,D107,7893.2,6314.56,17.74,352,
7678,2025-09-29 22:30:00,2025-09-29 22:35:11,,1,D107,7917.4,6333.92,17.80,351,
7678,2025-09-29 22:15:00,2025-09-29 22:20:11,,1,D107,7937.8,6350.24,17.84,350,
7678,2025-09-29 22:00:00,2025-09-29 22:05:36,,1,D107,7942.5,6354.0,17.85,349,
7678,2025-09-29 21:45:00,2025-09-29 21:50:11,,1,D107,7939.5,6351.6,17.85,348,
7678,2025-09-29 21:30:00,2025-09-29 21:35:11,,1,D107,7937.7,6350.16,17.84,347,
7678,2025-09-29 21:15:00,2025-09-29 21:20:11,,1,D107,7951.0,6360.8,17.87,346,
7678,2025-09-29 21:00:00,2025-09-29 21:05:06,,1,D107,7951.7,6361.36,17.87,345,
7678,2025-09-29 20:45:00,2025-09-29 20:50:16,,1,D107,7961.4,6369.12,17.90,344,
7678,2025-09-29 20:30:00,2025-09-29 20:35:11,,1,D107,7969.7,6375.76,17.91,343,
7678,2025-09-29 20:15:00,2025-09-29 20:20:11,,1,D107,7966.6,6373.28,17.91,342,
7678,2025-09-29 20:00:00,2025-09-29 20:05:11,,1,D107,8008.9,6407.12,18.00,341,
7678,2025-09-29 19:45:00,2025-09-29 19:50:11,,1,D107,7967.1,6373.68,17.91,340,
7678,2025-09-29 19:30:00,2025-09-29 19:35:06,,1,D107,7963.3,6370.64,17.90,339,
7678,2025-09-29 19:15:00,2025-09-29 19:20:11,,1,D107,7962.5,6370.0,17.90,338,
7678,2025-09-29 19:00:00,2025-09-29 19:05:11,,1,D107,7965.3,6372.24,17.90,337,
7678,2025-09-29 18:45:00,2025-09-29 18:50:11,,1,D107,8004.3,6403.44,17.99,336,
7678,2025-09-29 18:30:00,2025-09-29 18:35:16,,1,D107,7996.9,6397.52,17.98,335,
7678,2025-09-29 18:15:00,2025-09-29 18:20:11,,1,D107,7993.7,6394.96,17.97,334,
7678,2025-09-29 18:00:00,2025-09-29 18:05:11,,1,D107,7973.6,6378.88,17.92,333,
7678,2025-09-29 17:45:00,2025-09-29 17:50:11,,1,D107,7998.5,6398.8,17.98,332,
7678,2025-09-29 17:30:00,2025-09-29 17:34:56,,1,D107,8019.6,6415.68,18.03,331,
7678,2025-09-29 17:15:00,2025-09-29 17:20:11,,1,D107,7981.5,6385.2,17.94,330,
7678,2025-09-29 17:00:00,2025-09-29 17:05:11,,1,D107,7981.3,6385.04,17.94,329,
7678,2025-09-29 16:45:00,2025-09-29 16:50:01,,1,D107,8048.1,6438.48,18.09,328,
7678,2025-09-29 16:30:00,2025-09-29 16:35:11,,1,D107,8003.0,6402.4,17.99,327,
7678,2025-09-29 16:15:00,2025-09-29 16:20:11,,1,D107,8001.1,6400.88,17.98,326,
7678,2025-09-29 16:00:00,2025-09-29 16:05:06,,1,D107,8023.5,6418.8,18.04,325,
7678,2025-09-29 15:45:00,2025-09-29 15:50:11,,1,D107,7997.2,6397.76,17.98,324,
7678,2025-09-29 15:30:00,2025-09-29 15:35:06,,1,D107,8002.2,6401.76,17.99,323,
7678,2025-09-29 15:15:00,2025-09-29 15:20:08,,1,D107,8001.8,6401.44,17.99,322,
7678,2025-09-29 15:00:00,2025-09-29 15:07:38,,1,D107,8036.9,6429.52,18.07,321,
7678,2025-09-29 14:45:00,2025-09-29 14:52:33,,1,D107,8002.7,6402.16,17.99,320,
7678,2025-09-29 14:30:00,2025-09-29 14:38:43,,1,D107,8021.3,6417.04,18.03,319,
7678,2025-09-29 14:15:00,2025-09-29 14:22:03,,1,D107,7995.1,6396.08,17.97,318,
7678,2025-09-29 14:00:00,2025-09-29 14:05:58,,1,D107,7994.7,6395.76,17.97,317,
7678,2025-09-29 13:45:00,2025-09-29 13:50:11,,1,D107,8000.6,6400.48,17.98,316,
7678,2025-09-29 13:30:00,2025-09-29 13:35:43,,1,D107,8000.6,6400.48,17.98,315,
7678,2025-09-29 13:15:00,2025-09-29 13:20:11,,1,D107,8003.9,6403.12,17.99,314,
7678,2025-09-29 13:00:00,2025-09-29 13:08:28,,1,D107,7999.5,6399.6,17.98,313,
7678,2025-09-29 12:45:00,2025-09-29 12:53:18,,1,D107,8008.7,6406.96,18.00,312,
7678,2025-09-29 12:30:00,2025-09-29 12:38:53,,1,D107,8001.5,6401.2,17.99,311,
7678,2025-09-29 12:15:00,2025-09-29 12:24:18,,1,D107,8003.7,6402.96,17.99,310,
7678,2025-09-29 12:00:00,2025-09-29 12:08:18,,1,D107,8020.8,6416.64,18.03,309,
7678,2025-09-29 11:45:00,2025-09-29 11:53:43,,1,D107,8075.2,6460.16,18.15,308,
7678,2025-09-29 11:30:00,2025-09-29 11:37:48,,1,D107,8041.3,6433.04,18.07,307,
7678,2025-09-29 11:15:00,2025-09-29 11:24:08,,1,D107,8037.1,6429.68,18.07,306,
7678,2025-09-29 11:00:00,2025-09-29 11:07:33,,1,D107,8069.8,6455.84,18.14,305,
7678,2025-09-29 10:45:00,2025-09-29 10:50:11,,1,D107,8042.7,6434.16,18.08,304,
7678,2025-09-29 10:30:00,2025-09-29 10:35:11,,1,D107,8040.2,6432.16,18.07,303,
7678,2025-09-29 10:15:00,2025-09-29 10:20:01,,1,D107,8130.4,6504.32,18.28,302,
7678,2025-09-29 10:00:00,2025-09-29 10:05:12,,1,D107,8080.7,6464.56,18.16,301,
7678,2025-09-29 09:45:00,2025-09-29 09:50:06,,1,D107,8082.0,6465.6,18.17,300,
7678,2025-09-29 09:30:00,2025-09-29 09:35:11,,1,D107,8116.5,6493.2,18.24,299,
7678,2025-09-29 09:15:00,2025-09-29 09:20:11,,1,D107,8116.2,6492.96,18.24,298,
7678,2025-09-29 09:00:00,2025-09-29 09:05:11,,1,D107,8084.7,6467.76,18.17,297,
7678,2025-09-29 08:45:00,2025-09-29 08:50:06,,1,D107,8121.0,6496.8,18.25,296,
7678,2025-09-29 08:30:00,2025-09-29 08:35:11,,1,D107,8098.9,6479.12,18.21,295,
7678,2025-09-29 08:15:00,2025-09-29 08:20:06,,1,D107,8096.4,6477.12,18.20,294,
7678,2025-09-29 08:00:00,2025-09-29 08:05:11,,1,D107,8127.1,6501.68,18.27,293,
7678,2025-09-29 07:45:00,2025-09-29 07:50:11,,1,D107,8106.7,6485.36,18.22,292,
7678,2025-09-29 07:30:00,2025-09-29 07:35:11,,1,D107,8141.8,6513.44,18.30,291,
7678,2025-09-29 07:15:00,2025-09-29 07:20:16,,1,D107,8110.8,6488.64,18.23,290,
7678,2025-09-29 07:00:00,2025-09-29 07:05:16,,1,D107,8110.5,6488.4,18.23,289,
7678,2025-09-29 06:45:00,2025-09-29 06:50:16,,1,D107,8108.2,6486.56,18.23,288,
7678,2025-09-29 06:30:00,2025-09-29 06:35:11,,1,D107,8108.4,6486.72,18.23,287,
7678,2025-09-29 06:15:00,2025-09-29 06:20:16,,1,D107,8111.6,6489.28,18.23,286,
7678,2025-09-29 06:00:00,2025-09-29 06:05:11,,1,D107,8112.1,6489.68,18.23,285,
7678,2025-09-29 05:45:00,2025-09-29 05:50:11,,1,D107,8108.4,6486.72,18.23,284,
7678,2025-09-29 05:30:00,2025-09-29 05:35:11,,1,D107,8113.6,6490.88,18.24,283,
7678,2025-09-29 05:15:00,2025-09-29 05:20:16,,1,D107,8110.4,6488.32,18.23,282,
7678,2025-09-29 05:00:00,2025-09-29 05:05:06,,1,D107,8119.2,6495.36,18.25,281,
7678,2025-09-29 04:45:00,2025-09-29 04:50:16,,1,D107,8109.5,6487.6,18.23,280,
7678,2025-09-29 04:30:00,2025-09-29 04:35:16,,1,D107,8142.1,6513.68,18.30,279,
7678,2025-09-29 04:15:00,2025-09-29 04:20:11,,1,D107,8109.1,6487.28,18.23,278,
7678,2025-09-29 04:00:00,2025-09-29 04:05:16,,1,D107,8111.7,6489.36,18.23,277,
7678,2025-09-29 03:45:00,2025-09-29 03:50:11,,1,D107,8107.1,6485.68,18.22,276,
7678,2025-09-29 03:30:00,2025-09-29 03:35:11,,1,D107,8106.9,6485.52,18.22,275,
7678,2025-09-29 03:15:00,2025-09-29 03:20:16,,1,D107,8107.4,6485.92,18.22,274,
7678,2025-09-29 03:00:00,2025-09-29 03:05:16,,1,D107,8111.7,6489.36,18.23,273,
7678,2025-09-29 02:45:00,2025-09-29 02:50:16,,1,D107,8107.4,6485.92,18.22,272,
7678,2025-09-29 02:30:00,2025-09-29 02:35:16,,1,D107,8114.3,6491.44,18.24,271,
7678,2025-09-29 02:15:00,2025-09-29 02:20:16,,1,D107,8108.5,6486.8,18.23,270,
7678,2025-09-29 02:00:00,2025-09-29 02:05:11,,1,D107,8140.4,6512.32,18.30,269,
7678,2025-09-29 01:45:00,2025-09-29 01:50:16,,1,D107,8137.7,6510.16,18.29,268,
7678,2025-09-29 01:30:00,2025-09-29 01:35:16,,1,D107,8107.1,6485.68,18.22,267,
7678,2025-09-29 01:15:00,2025-09-29 01:20:11,,1,D107,8151.8,6521.44,18.32,266,
7678,2025-09-29 01:00:00,2025-09-29 01:05:11,,1,D107,8107.0,6485.6,18.22,265,
7678,2025-09-29 00:45:00,2025-09-29 00:50:11,,1,D107,8110.9,6488.72,18.23,264,
7678,2025-09-29 00:30:00,2025-09-29 00:35:16,,1,D107,8131.7,6505.36,18.28,263,
7678,2025-09-29 00:15:00,2025-09-29 00:20:11,,1,D107,8119.3,6495.44,18.25,262,
7678,2025-09-29 00:00:00,2025-09-29 00:05:11,,1,D107,8111.5,6489.2,18.23,261,
7678,2025-09-28 23:45:00,2025-09-28 23:50:06,,1,D107,8140.9,6512.72,18.30,260,
7678,2025-09-28 23:30:00,2025-09-28 23:35:11,,1,D107,8113.8,6491.04,18.24,259,
7678,2025-09-28 23:15:00,2025-09-28 23:20:11,,1,D107,8110.0,6488.0,18.23,258,
7678,2025-09-28 23:00:00,2025-09-28 23:05:01,,1,D107,8139.1,6511.28,18.30,257,
7678,2025-09-28 22:45:00,2025-09-28 22:50:16,,1,D107,8107.4,6485.92,18.22,256,
7678,2025-09-28 22:30:00,2025-09-28 22:35:16,,1,D107,8127.9,6502.32,18.27,255,
7678,2025-09-28 22:15:00,2025-09-28 22:20:11,,1,D107,8110.3,6488.24,18.23,254,
7678,2025-09-28 22:00:00,2025-09-28 22:05:11,,1,D107,8114.6,6491.68,18.24,253,
7678,2025-09-28 21:45:00,2025-09-28 21:50:11,,1,D107,8108.6,6486.88,18.23,252,
7678,2025-09-28 21:30:00,2025-09-28 21:35:06,,1,D107,8113.9,6491.12,18.24,251,
7678,2025-09-28 21:15:00,2025-09-28 21:19:31,,1,D107,8107.4,6485.92,18.22,250,
7678,2025-09-28 21:00:00,2025-09-28 21:05:11,,1,D107,8108.2,6486.56,18.23,249,
7678,2025-09-28 20:45:00,2025-09-28 20:50:16,,1,D107,8131.9,6505.52,18.28,248,
7678,2025-09-28 20:30:00,2025-09-28 20:35:11,,1,D107,8139.1,6511.28,18.30,247,
7678,2025-09-28 20:15:00,2025-09-28 20:19:56,,1,D107,8152.6,6522.08,18.32,246,
7678,2025-09-28 20:00:00,2025-09-28 20:05:11,,1,D107,8141.8,6513.44,18.30,245,
7678,2025-09-28 19:45:00,2025-09-28 19:50:11,,1,D107,8105.9,6484.72,18.22,244,
7678,2025-09-28 19:30:00,2025-09-28 19:35:11,,1,D107,8131.8,6505.44,18.28,243,
7678,2025-09-28 19:15:00,2025-09-28 19:20:11,,1,D107,8107.2,6485.76,18.22,242,
7678,2025-09-28 19:00:00,2025-09-28 19:05:11,,1,D107,8116.2,6492.96,18.24,241,
7678,2025-09-28 18:45:00,2025-09-28 18:50:11,,1,D107,8120.3,6496.24,18.25,240,
7678,2025-09-28 18:30:00,2025-09-28 18:35:16,,1,D107,8105.0,6484.0,18.22,239,
7678,2025-09-28 18:15:00,2025-09-28 18:20:11,,1,D107,8107.6,6486.08,18.22,238,
7678,2025-09-28 18:00:00,2025-09-28 18:05:11,,1,D107,8103.1,6482.48,18.21,237,
7678,2025-09-28 17:45:00,2025-09-28 17:50:11,,1,D107,8141.1,6512.88,18.30,236,
7678,2025-09-28 17:30:00,2025-09-28 17:35:11,,1,D107,8104.3,6483.44,18.22,235,
7678,2025-09-28 17:15:00,2025-09-28 17:20:16,,1,D107,8098.8,6479.04,18.20,234,
7678,2025-09-28 17:00:00,2025-09-28 17:05:11,,1,D107,8105.9,6484.72,18.22,233,
7678,2025-09-28 16:45:00,2025-09-28 16:50:11,,1,D107,8102.4,6481.92,18.21,232,
7678,2025-09-28 16:30:00,2025-09-28 16:35:11,,1,D107,8110.0,6488.0,18.23,231,
7678,2025-09-28 16:15:00,2025-09-28 16:20:16,,1,D107,8102.4,6481.92,18.21,230,
7678,2025-09-28 16:00:00,2025-09-28 16:05:11,,1,D107,8102.3,6481.84,18.21,229,
7678,2025-09-28 15:45:00,2025-09-28 15:50:11,,1,D107,8099.2,6479.36,18.21,228,
7678,2025-09-28 15:30:00,2025-09-28 15:35:11,,1,D107,8099.2,6479.36,18.21,227,
7678,2025-09-28 15:15:00,2025-09-28 15:20:11,,1,D107,8102.8,6482.24,18.21,226,
7678,2025-09-28 15:00:00,2025-09-28 15:05:11,,1,D107,8100.8,6480.64,18.21,225,
7678,2025-09-28 14:45:00,2025-09-28 14:50:11,,1,D107,8102.0,6481.6,18.21,224,
7678,2025-09-28 14:30:00,2025-09-28 14:35:16,,1,D107,8107.0,6485.6,18.22,223,
7678,2025-09-28 14:15:00,2025-09-28 14:20:11,,1,D107,8102.0,6481.6,18.21,222,
7678,2025-09-28 14:00:00,2025-09-28 14:05:11,,1,D107,8101.2,6480.96,18.21,221,
7678,2025-09-28 13:45:00,2025-09-28 13:48:31,,1,D107,8093.3,6474.64,18.19,220,
7678,2025-09-28 13:30:00,2025-09-28 13:34:53,,1,D107,8095.5,6476.4,18.20,219,
7678,2025-09-28 13:15:00,2025-09-28 13:19:53,,1,D107,8100.9,6480.72,18.21,218,
7678,2025-09-28 13:00:00,2025-09-28 13:03:56,,1,D107,8086.6,6469.28,18.18,217,
7678,2025-09-28 12:45:00,2025-09-28 12:49:48,,1,D107,8099.0,6479.2,18.21,216,
7678,2025-09-28 12:30:00,2025-09-28 12:34:51,,1,D107,8100.6,6480.48,18.21,215,
7678,2025-09-28 12:15:00,2025-09-28 12:19:51,,1,D107,8099.9,6479.92,18.21,214,
7678,2025-09-28 12:00:00,2025-09-28 12:04:46,,1,D107,8099.2,6479.36,18.21,213,
7678,2025-09-28 11:45:00,2025-09-28 11:50:06,,1,D107,8100.2,6480.16,18.21,212,
7678,2025-09-28 11:30:00,2025-09-28 11:35:11,,1,D107,8103.6,6482.88,18.21,211,
7678,2025-09-28 11:15:00,2025-09-28 11:20:11,,1,D107,8102.8,6482.24,18.21,210,
7678,2025-09-28 11:00:00,2025-09-28 11:05:11,,1,D107,8102.1,6481.68,18.21,209,
7678,2025-09-28 10:45:00,2025-09-28 10:50:11,,1,D107,8104.6,6483.68,18.22,208,
7678,2025-09-28 10:30:00,2025-09-28 10:35:11,,1,D107,8101.3,6481.04,18.21,207,
7678,2025-09-28 10:15:00,2025-09-28 10:20:11,,1,D107,8104.1,6483.28,18.22,206,
7678,2025-09-28 10:00:00,2025-09-28 10:05:11,,1,D107,8102.9,6482.32,18.21,205,
7678,2025-09-28 09:45:00,2025-09-28 09:50:16,,1,D107,8124.7,6499.76,18.26,204,
7678,2025-09-28 09:30:00,2025-09-28 09:35:11,,1,D107,8112.1,6489.68,18.23,203,
7678,2025-09-28 09:15:00,2025-09-28 09:20:11,,1,D107,8108.7,6486.96,18.23,202,
7678,2025-09-28 09:00:00,2025-09-28 09:05:16,,1,D107,8103.8,6483.04,18.22,201,
7678,2025-09-28 08:45:00,2025-09-28 08:50:06,,1,D107,8109.5,6487.6,18.23,200,
7678,2025-09-28 08:30:00,2025-09-28 08:35:11,,1,D107,8105.4,6484.32,18.22,199,
7678,2025-09-28 08:15:00,2025-09-28 08:20:11,,1,D107,8130.3,6504.24,18.28,198,
7678,2025-09-28 08:00:00,2025-09-28 08:05:11,,1,D107,8109.3,6487.44,18.23,197,
7678,2025-09-28 07:45:00,2025-09-28 07:50:11,,1,D107,8123.1,6498.48,18.26,196,
7678,2025-09-28 07:30:00,2025-09-28 07:35:11,,1,D107,8125.7,6500.56,18.27,195,
7678,2025-09-28 07:15:00,2025-09-28 07:20:06,,1,D107,8113.5,6490.8,18.24,194,
7678,2025-09-28 07:00:00,2025-09-28 07:05:16,,1,D107,8156.8,6525.44,18.34,193,
7678,2025-09-28 06:45:00,2025-09-28 06:50:11,,1,D107,8116.8,6493.44,18.25,192,
7678,2025-09-28 06:30:00,2025-09-28 06:35:11,,1,D107,8139.4,6511.52,18.30,191,
7678,2025-09-28 06:15:00,2025-09-28 06:20:16,,1,D107,8144.7,6515.76,18.31,190,
7678,2025-09-28 06:00:00,2025-09-28 06:05:06,,1,D107,8150.1,6520.08,18.32,189,
7678,2025-09-28 05:45:00,2025-09-28 05:50:11,,1,D107,8127.6,6502.08,18.27,188,
7678,2025-09-28 05:30:00,2025-09-28 05:35:01,,1,D107,8157.6,6526.08,18.34,187,
7678,2025-09-28 05:15:00,2025-09-28 05:20:11,,1,D107,8132.8,6506.24,18.28,186,
7678,2025-09-28 05:00:00,2025-09-28 05:05:06,,1,D107,8158.9,6527.12,18.34,185,
7678,2025-09-28 04:45:00,2025-09-28 04:50:11,,1,D107,8136.1,6508.88,18.29,184,
7678,2025-09-28 04:30:00,2025-09-28 04:35:11,,1,D107,8139.3,6511.44,18.30,183,
7678,2025-09-28 04:15:00,2025-09-28 04:20:06,,1,D107,8142.4,6513.92,18.30,182,
7678,2025-09-28 04:00:00,2025-09-28 04:05:16,,1,D107,8180.0,6544.0,18.39,181,
7678,2025-09-28 03:45:00,2025-09-28 03:50:11,,1,D107,8156.5,6525.2,18.33,180,
7678,2025-09-28 03:30:00,2025-09-28 03:35:11,,1,D107,8153.4,6522.72,18.33,179,
7678,2025-09-28 03:15:00,2025-09-28 03:20:11,,1,D107,8154.2,6523.36,18.33,178,
7678,2025-09-28 03:00:00,2025-09-28 03:05:11,,1,D107,8153.2,6522.56,18.33,177,
7678,2025-09-28 02:45:00,2025-09-28 02:50:16,,1,D107,8153.8,6523.04,18.33,176,
7678,2025-09-28 02:30:00,2025-09-28 02:35:16,,1,D107,8164.9,6531.92,18.35,175,
7678,2025-09-28 02:15:00,2025-09-28 02:20:16,,1,D107,8155.0,6524.0,18.33,174,
7678,2025-09-28 02:00:00,2025-09-28 02:05:11,,1,D107,8152.8,6522.24,18.33,173,
7678,2025-09-28 01:45:00,2025-09-28 01:50:06,,1,D107,8160.7,6528.56,18.34,172,
7678,2025-09-28 01:30:00,2025-09-28 01:35:16,,1,D107,8154.3,6523.44,18.33,171,
7678,2025-09-28 01:15:00,2025-09-28 01:20:16,,1,D107,8153.9,6523.12,18.33,170,
7678,2025-09-28 01:00:00,2025-09-28 01:05:11,,1,D107,8152.3,6521.84,18.32,169,
7678,2025-09-28 00:45:00,2025-09-28 00:50:11,,1,D107,8149.9,6519.92,18.32,168,
7678,2025-09-28 00:30:00,2025-09-28 00:35:06,,1,D107,8190.3,6552.24,18.41,167,
7678,2025-09-28 00:15:00,2025-09-28 00:20:11,,1,D107,8155.4,6524.32,18.33,166,
7678,2025-09-28 00:00:00,2025-09-28 00:05:11,,1,D107,8159.3,6527.44,18.34,165,
7678,2025-09-27 23:45:00,2025-09-27 23:50:11,,1,D107,8165.2,6532.16,18.35,164,
7678,2025-09-27 23:30:00,2025-09-27 23:35:11,,1,D107,8172.3,6537.84,18.37,163,
7678,2025-09-27 23:15:00,2025-09-27 23:20:16,,1,D107,8207.9,6566.32,18.45,162,
7678,2025-09-27 23:00:00,2025-09-27 23:05:11,,1,D107,8187.4,6549.92,18.40,161,
7678,2025-09-27 22:45:00,2025-09-27 22:50:11,,1,D107,8184.2,6547.36,18.40,160,
7678,2025-09-27 22:30:00,2025-09-27 22:35:11,,1,D107,8214.4,6571.52,18.46,159,
7678,2025-09-27 22:15:00,2025-09-27 22:20:11,,1,D107,8181.5,6545.2,18.39,158,
7678,2025-09-27 22:00:00,2025-09-27 22:05:16,,1,D107,8199.1,6559.28,18.43,157,
7678,2025-09-27 21:45:00,2025-09-27 21:50:11,,1,D107,8214.8,6571.84,18.46,156,
7678,2025-09-27 21:30:00,2025-09-27 21:35:11,,1,D107,8200.6,6560.48,18.43,155,
7678,2025-09-27 21:15:00,2025-09-27 21:20:11,,1,D107,8200.3,6560.24,18.43,154,
7678,2025-09-27 21:00:00,2025-09-27 21:05:11,,1,D107,8229.9,6583.92,18.50,153,
7678,2025-09-27 20:45:00,2025-09-27 20:50:11,,1,D107,8198.0,6558.4,18.43,152,
7678,2025-09-27 20:30:00,2025-09-27 20:35:11,,1,D107,8201.4,6561.12,18.43,151,
7678,2025-09-27 20:15:00,2025-09-27 20:20:16,,1,D107,8208.0,6566.4,18.45,150,
7678,2025-09-27 20:00:00,2025-09-27 20:05:16,,1,D107,8203.2,6562.56,18.44,149,
7678,2025-09-27 19:45:00,2025-09-27 19:50:16,,1,D107,8209.9,6567.92,18.45,148,
7678,2025-09-27 19:30:00,2025-09-27 19:35:11,,1,D107,8237.2,6589.76,18.52,147,
7678,2025-09-27 19:15:00,2025-09-27 19:20:06,,1,D107,8234.9,6587.92,18.51,146,
7678,2025-09-27 19:00:00,2025-09-27 19:05:11,,1,D107,8237.0,6589.6,18.52,145,
7678,2025-09-27 18:45:00,2025-09-27 18:50:16,,1,D107,8272.3,6617.84,18.59,144,
7678,2025-09-27 18:30:00,2025-09-27 18:35:11,,1,D107,8253.3,6602.64,18.55,143,
7678,2025-09-27 18:15:00,2025-09-27 18:20:11,,1,D107,8237.3,6589.84,18.52,142,
7678,2025-09-27 18:00:00,2025-09-27 18:05:16,,1,D107,8267.1,6613.68,18.58,141,
7678,2025-09-27 17:45:00,2025-09-27 17:50:06,,1,D107,8266.8,6613.44,18.58,140,
7678,2025-09-27 17:30:00,2025-09-27 17:35:16,,1,D107,8270.6,6616.48,18.59,139,
7678,2025-09-27 17:15:00,2025-09-27 17:20:11,,1,D107,8269.4,6615.52,18.59,138,
7678,2025-09-27 17:00:00,2025-09-27 17:05:16,,1,D107,8265.5,6612.4,18.58,137,
7678,2025-09-27 16:45:00,2025-09-27 16:50:16,,1,D107,8283.3,6626.64,18.62,136,
7678,2025-09-27 16:30:00,2025-09-27 16:35:16,,1,D107,8266.8,6613.44,18.58,135,
7678,2025-09-27 16:15:00,2025-09-27 16:20:01,,1,D107,8266.3,6613.04,18.58,134,
7678,2025-09-27 16:00:00,2025-09-27 16:05:11,,1,D107,8271.5,6617.2,18.59,133,
7678,2025-09-27 15:45:00,2025-09-27 15:50:11,,1,D107,8272.8,6618.24,18.59,132,
7678,2025-09-27 15:30:00,2025-09-27 15:35:16,,1,D107,8273.1,6618.48,18.60,131,
7678,2025-09-27 15:15:00,2025-09-27 15:20:11,,1,D107,8295.0,6636.0,18.65,130,
7678,2025-09-27 15:00:00,2025-09-27 15:04:31,,1,D107,8333.5,6666.8,18.73,129,
7678,2025-09-27 14:45:00,2025-09-27 14:48:41,,1,D107,8292.3,6633.84,18.64,128,
7678,2025-09-27 14:30:00,2025-09-27 14:35:11,,1,D107,8304.2,6643.36,18.67,127,
7678,2025-09-27 14:15:00,2025-09-27 14:20:11,,1,D107,8313.0,6650.4,18.69,126,
7678,2025-09-27 14:00:00,2025-09-27 14:05:06,,1,D107,8307.2,6645.76,18.67,125,
7678,2025-09-27 13:45:00,2025-09-27 13:50:06,,1,D107,8311.1,6648.88,18.68,124,
7678,2025-09-27 13:30:00,2025-09-27 13:35:11,,1,D107,8308.1,6646.48,18.68,123,
7678,2025-09-27 13:15:00,2025-09-27 13:20:11,,1,D107,8306.2,6644.96,18.67,122,
7678,2025-09-27 13:00:00,2025-09-27 13:05:11,,1,D107,8304.7,6643.76,18.67,121,
7678,2025-09-27 12:45:00,2025-09-27 12:50:11,,1,D107,8304.9,6643.92,18.67,120,
7678,2025-09-27 12:30:00,2025-09-27 12:35:16,,1,D107,8306.6,6645.28,18.67,119,
7678,2025-09-27 12:15:00,2025-09-27 12:20:16,,1,D107,8312.2,6649.76,18.68,118,
7678,2025-09-27 12:00:00,2025-09-27 12:05:11,,1,D107,8308.8,6647.04,18.68,117,
7678,2025-09-27 11:45:00,2025-09-27 11:50:11,,1,D107,8311.1,6648.88,18.68,116,
7678,2025-09-27 11:30:00,2025-09-27 11:35:11,,1,D107,8321.3,6657.04,18.70,115,
7678,2025-09-27 11:15:00,2025-09-27 11:20:11,,1,D107,8336.5,6669.2,18.74,114,
7678,2025-09-27 11:00:00,2025-09-27 11:05:11,,1,D107,8323.0,6658.4,18.71,113,
7678,2025-09-27 10:45:00,2025-09-27 10:50:16,,1,D107,8327.0,6661.6,18.72,112,
7678,2025-09-27 10:30:00,2025-09-27 10:35:11,,1,D107,8326.9,6661.52,18.72,111,
7678,2025-09-27 10:15:00,2025-09-27 10:20:16,,1,D107,8325.5,6660.4,18.71,110,
7678,2025-09-27 10:00:00,2025-09-27 10:05:06,,1,D107,8384.2,6707.36,18.85,109,
7678,2025-09-27 09:45:00,2025-09-27 09:50:11,,1,D107,8346.7,6677.36,18.76,108,
7678,2025-09-27 09:30:00,2025-09-27 09:35:11,,1,D107,8350.0,6680.0,18.77,107,
7678,2025-09-27 09:15:00,2025-09-27 09:20:06,,1,D107,8345.1,6676.08,18.76,106,
7678,2025-09-27 09:00:00,2025-09-27 09:05:11,,1,D107,8371.6,6697.28,18.82,105,
7678,2025-09-27 08:45:00,2025-09-27 08:50:11,,1,D107,8351.9,6681.52,18.77,104,
7678,2025-09-27 08:30:00,2025-09-27 08:35:16,,1,D107,8349.0,6679.2,18.77,103,
7678,2025-09-27 08:15:00,2025-09-27 08:20:11,,1,D107,8350.4,6680.32,18.77,102,
7678,2025-09-27 08:00:00,2025-09-27 08:05:06,,1,D107,8375.2,6700.16,18.83,101,
7678,2025-09-27 07:45:00,2025-09-27 07:50:16,,1,D107,8383.7,6706.96,18.84,100,
7678,2025-09-27 07:30:00,2025-09-27 07:35:16,,1,D107,8350.4,6680.32,18.77,99,
7678,2025-09-27 07:15:00,2025-09-27 07:20:11,,1,D107,8352.8,6682.24,18.78,98,
7678,2025-09-27 07:00:00,2025-09-27 07:05:16,,1,D107,8354.8,6683.84,18.78,97,
7678,2025-09-27 06:45:00,2025-09-27 06:50:01,,1,D107,8392.0,6713.6,18.86,96,
7678,2025-09-27 06:30:00,2025-09-27 06:35:11,,1,D107,8373.4,6698.72,18.82,95,
7678,2025-09-27 06:15:00,2025-09-27 06:20:11,,1,D107,8395.5,6716.4,18.87,94,
7678,2025-09-27 06:00:00,2025-09-27 06:05:11,,1,D107,8362.9,6690.32,18.80,93,
7678,2025-09-27 05:45:00,2025-09-27 05:50:11,,1,D107,8358.9,6687.12,18.79,92,
7678,2025-09-27 05:30:00,2025-09-27 05:35:11,,1,D107,8362.8,6690.24,18.80,91,
7678,2025-09-27 05:15:00,2025-09-27 05:20:16,,1,D107,8360.3,6688.24,18.79,90,
7678,2025-09-27 05:00:00,2025-09-27 05:05:11,,1,D107,8361.2,6688.96,18.79,89,
7678,2025-09-27 04:45:00,2025-09-27 04:50:11,,1,D107,8399.3,6719.44,18.88,88,
7678,2025-09-27 04:30:00,2025-09-27 04:35:01,,1,D107,8393.0,6714.4,18.87,87,
7678,2025-09-27 04:15:00,2025-09-27 04:20:11,,1,D107,8388.4,6710.72,18.86,86,
7678,2025-09-27 04:00:00,2025-09-27 04:05:11,,1,D107,8389.8,6711.84,18.86,85,
7678,2025-09-27 03:45:00,2025-09-27 03:50:16,,1,D107,8392.9,6714.32,18.87,84,
7678,2025-09-27 03:30:00,2025-09-27 03:35:11,,1,D107,8396.0,6716.8,18.87,83,
7678,2025-09-27 03:15:00,2025-09-27 03:20:11,,1,D107,8388.7,6710.96,18.86,82,
7678,2025-09-27 03:00:00,2025-09-27 03:04:56,,1,D107,8448.8,6759.04,18.99,81,
7678,2025-09-27 02:45:00,2025-09-27 02:50:11,,1,D107,8394.9,6715.92,18.87,80,
7678,2025-09-27 02:30:00,2025-09-27 02:35:16,,1,D107,8394.3,6715.44,18.87,79,
7678,2025-09-27 02:15:00,2025-09-27 02:20:11,,1,D107,8453.0,6762.4,19.00,78,
7678,2025-09-27 02:00:00,2025-09-27 02:05:16,,1,D107,8420.2,6736.16,18.93,77,
7678,2025-09-27 01:45:00,2025-09-27 01:50:16,,1,D107,8420.6,6736.48,18.93,76,
7678,2025-09-27 01:30:00,2025-09-27 01:35:11,,1,D107,8427.8,6742.24,18.94,75,
7678,2025-09-27 01:15:00,2025-09-27 01:20:11,,1,D107,8426.1,6740.88,18.94,74,
7678,2025-09-27 01:00:00,2025-09-27 01:05:21,,1,D107,8447.9,6758.32,18.99,73,
7678,2025-09-27 00:45:00,2025-09-27 00:50:16,,1,D107,8435.3,6748.24,18.96,72,
7678,2025-09-27 00:30:00,2025-09-27 00:35:11,,1,D107,8446.7,6757.36,18.99,71,
7678,2025-09-27 00:15:00,2025-09-27 00:20:16,,1,D107,8431.3,6745.04,18.95,70,
7678,2025-09-27 00:00:00,2025-09-27 00:05:16,,1,D107,8439.0,6751.2,18.97,69,
7678,2025-09-26 23:45:00,2025-09-26 23:50:16,,1,D107,8445.3,6756.24,18.98,68,
7678,2025-09-26 23:30:00,2025-09-26 23:35:16,,1,D107,8475.3,6780.24,19.05,67,
7678,2025-09-26 23:15:00,2025-09-26 23:20:16,,1,D107,8491.7,6793.36,19.09,66,
7678,2025-09-26 23:00:00,2025-09-26 23:05:06,,1,D107,8498.8,6799.04,19.10,65,
7678,2025-09-26 22:45:00,2025-09-26 22:50:16,,1,D107,8474.0,6779.2,19.05,64,
7678,2025-09-26 22:30:00,2025-09-26 22:35:16,,1,D107,8477.9,6782.32,19.06,63,
7678,2025-09-26 22:15:00,2025-09-26 22:20:16,,1,D107,8486.3,6789.04,19.07,62,
7678,2025-09-26 22:00:00,2025-09-26 22:05:16,,1,D107,8491.2,6792.96,19.09,61,
7678,2025-09-26 21:45:00,2025-09-26 21:50:06,,1,D107,8494.3,6795.44,19.09,60,
7678,2025-09-26 21:30:00,2025-09-26 21:35:21,,1,D107,8534.4,6827.52,19.18,59,
7678,2025-09-26 21:15:00,2025-09-26 21:20:16,,1,D107,8498.9,6799.12,19.10,58,
7678,2025-09-26 21:00:00,2025-09-26 21:05:16,,1,D107,8529.9,6823.92,19.17,57,
7678,2025-09-26 20:45:00,2025-09-26 20:50:11,,1,D107,8534.0,6827.2,19.18,56,
7678,2025-09-26 20:30:00,2025-09-26 20:35:11,,1,D107,8568.5,6854.8,19.26,55,
7678,2025-09-26 20:15:00,2025-09-26 20:20:16,,1,D107,8535.1,6828.08,19.18,54,
7678,2025-09-26 20:00:00,2025-09-26 20:05:11,,1,D107,8545.5,6836.4,19.21,53,
7678,2025-09-26 19:45:00,2025-09-26 19:50:16,,1,D107,8536.1,6828.88,19.19,52,
7678,2025-09-26 19:30:00,2025-09-26 19:35:16,,1,D107,8546.1,6836.88,19.21,51,
7678,2025-09-26 19:15:00,2025-09-26 19:20:11,,1,D107,8577.7,6862.16,19.28,50,
7678,2025-09-26 19:00:00,2025-09-26 19:05:16,,1,D107,8539.1,6831.28,19.19,49,
7678,2025-09-26 18:45:00,2025-09-26 18:50:16,,1,D107,8537.7,6830.16,19.19,48,
7678,2025-09-26 18:30:00,2025-09-26 18:35:16,,1,D107,8529.5,6823.6,19.17,47,
7678,2025-09-26 18:15:00,2025-09-26 18:20:16,,1,D107,8536.1,6828.88,19.19,46,
7678,2025-09-26 18:00:00,2025-09-26 18:05:11,,1,D107,8595.7,6876.56,19.32,45,
7678,2025-09-26 17:45:00,2025-09-26 17:50:11,,1,D107,8587.0,6869.6,19.30,44,
7678,2025-09-26 17:30:00,2025-09-26 17:35:11,,1,D107,8544.1,6835.28,19.21,43,
7678,2025-09-26 17:15:00,2025-09-26 17:20:16,,1,D107,8579.7,6863.76,19.29,42,
7678,2025-09-26 17:00:00,2025-09-26 17:05:11,,1,D107,8551.7,6841.36,19.22,41,
7678,2025-09-26 16:45:00,2025-09-26 16:48:26,,1,D107,8546.4,6837.12,19.21,40,
7678,2025-09-26 16:30:00,2025-09-26 16:35:06,,1,D107,8601.1,6880.88,19.33,39,
0,2025-09-26 16:15:00,,,0,D107,,,,,
7678,2025-09-26 16:00:00,2025-09-26 16:05:21,,1,D107,8557.3,6845.84,19.23,37,
7678,2025-09-26 15:45:00,2025-09-26 15:50:16,,1,D107,8554.0,6843.2,19.23,36,
7678,2025-09-26 12:27:00,2025-09-26 12:32:11,,1,D107,8578.4,6862.72,19.28,35,
7678,2025-09-26 12:10:00,2025-09-26 12:15:11,,1,D107,8588.9,6871.12,19.31,34,
7678,2025-09-26 12:00:00,2025-09-26 12:05:16,,1,D107,8591.8,6873.44,19.31,33,
7678,2025-09-26 11:38:37,2025-09-26 11:43:51,admin,1,D107,8600.8,6880.64,19.33,32,
7678,2025-09-26 11:20:23,2025-09-26 11:25:41,admin,1,D107,8611.2,6888.96,19.36,31,
7678,2025-09-26 10:53:53,2025-09-26 10:59:21,admin,1,D107,8622.9,6898.32,19.38,30,
